{"cameraMode":{"drawMode":0,"name":"Shaded","section":"Shading Mode"},"sceneLighting":true,"audioPlay":false,"sceneViewState":{"showFog":true,"showMaterialUpdate":true,"showSkybox":true,"showFlares":true,"showImageEffects":true,"showParticleSystems":true},"in2DMode":false,"pivot":{"x":6.252899169921875,"y":-0.43373870849609377,"z":-3.578187942504883},"rotation":{"x":-0.047551196068525317,"y":0.9473428726196289,"z":-0.2686314582824707,"w":-0.16769246757030488},"size":8.416542053222657,"orthographic":false}