{"cameraMode":{"drawMode":0,"name":"Shaded","section":"Shading Mode"},"sceneLighting":true,"audioPlay":false,"sceneViewState":{"showFog":true,"showMaterialUpdate":true,"showSkybox":true,"showFlares":true,"showImageEffects":true,"showParticleSystems":true},"in2DMode":false,"pivot":{"x":5.841574668884277,"y":8.535970687866211,"z":-69.38473510742188},"rotation":{"x":0.04061051830649376,"y":-0.09577874839305878,"z":0.003912152722477913,"w":0.9945740699768066},"size":11.500000953674317,"orthographic":false}